{
  "table_of_contents": [
    {
      "title": "B. TABLES",
      "heading_level": null,
      "page_id": 0,
      "polygon": [
        [
          15.93316650390625,
          39.787628173828125
        ],
        [
          69.49982786178589,
          39.787628173828125
        ],
        [
          69.49982786178589,
          50.61065673828125
        ],
        [
          15.93316650390625,
          50.61065673828125
        ]
      ]
    },
    {
      "title": "TABLE 1. COPOLYMER REACTIVITY RATIOS",
      "heading_level": null,
      "page_id": 0,
      "polygon": [
        [
          16.46484375,
          74.0694580078125
        ],
        [
          192.979594707489,
          74.0694580078125
        ],
        [
          192.979594707489,
          84.33062744140625
        ],
        [
          16.46484375,
          84.33062744140625
        ]
      ]
    }
  ],
  "page_stats": [
    {
      "page_id": 0,
      "text_extraction_method": "pdftext",
      "block_counts": [
        [
          "Span",
          138
        ],
        [
          "Line",
          64
        ],
        [
          "SectionHeader",
          2
        ],
        [
          "PageHeader",
          1
        ],
        [
          "Table",
          1
        ]
      ],
      "block_metadata": {
        "llm_request_count": 1,
        "llm_error_count": 0,
        "llm_tokens_used": 6104
      }
    }
  ],
  "debug_data_path": "debug_data/Reactivity Ratio_Handbook-1"
}